geo,1948,1949,1950,1951,1952,1953,1954,1955,1956,1957,1958,1959,1960,1961,1962,1963,1964,1965,1966,1967,1968,1969,1970,1971,1972,1973,1974,1975,1976,1977,1978,1979,1980,1981,1982,1983,1984,1985,1986,1987,1988,1989,1990,1991,1992,1993,1994,1995,1996,1997,1998,1999,2000,2001,2002,2003,2004,2005,2006,2007,2008,2009,2010,2011,2012,2013,2014,2015,2016,2017
Afghanistan,0,0,0,0,0,0,0,0,0,0,0,0,0,0,0,0,0,0,0,0,0,0,0,0,0,0,0,0,0,0,0,0,0,0,0,0,0,0,0,0,0,0,0,0,0,0,0,0,0,0,0,0,0,0,0,0,0,0,0,0,2.19,0,0,0,3.33,0,0,0,0,
Albania,0,0,0,0,0,0,0,0,0,0,0,0,0,0,0,0,0,0,0,0,0,0,0,0,0,0,0,0,0,0,0,0,0,0,0,0,0,0,0,0,0,0,10.9,10.5,28.3,24.2,19.9,14.8,13.6,16.6,20.9,21.4,19.3,19.9,19.1,18.2,17.5,17.2,16.8,16.4,13.7,15.6,15.8,13.8,11.5,13.4,0,17.1,0,
Algeria,0,0,0,0,0,0,0,0,0,0,0,0,0,0,0,0,0,0,0,0,0,0,0,0,0,0,0,0,0,0,0,0,0,0,0,0,0,0,0,0,0,17.1,20.7,22.8,0,0,0,0,0,26.2,0,0,29.7,0,0,25.4,18.2,0,0,0,0,18.1,19.1,0,17,16.3,15.6,16.6,18.2,20.6
Angola,0,0,0,0,0,0,0,0,0,0,0,0,0,0,0,0,0,0,0,0,0,0,0,0,0,0,0,0,0,0,0,0,0,0,0,0,24.7,28.5,35.1,0,0,0,0,0,0,0,0,0,0,0,0,0,0,0,0,0,26.1,0,0,0,0,0,0,7.71,0,0,0,0,0,
Antigua and Barbuda,0,0,0,0,0,0,0,0,0,0,0,0,0,0,0,0,0,0,0,0,0,0,0,0,0,28.3,27,27.4,26.5,0,0,0,0,0,0,0,0,0,0,0,0,0,0,0,0,0,0,0,0,0,0,0,0,8.78,0,0,0,0,0,0,0,0,0,0,0,0,0,0,0,
Argentina,0,0,0,0,0,0,0,0,0,0,0,0,0,0,0,0,0,0,0,0,0,0,0,0,0,0,0,0,0,0,0,0,0,0,5.4,4.8,4.19,0,0,6.6,7.2,7.8,6.93,8.09,6.73,12.7,14.1,22.3,19.3,17.8,14.1,15.2,16.4,17.2,18.8,17.5,15.7,13.5,12.3,0,9.68,9.83,8.54,8.5,9.52,8.71,8.21,0,0,9.45
Armenia,0,0,0,0,0,0,0,0,0,0,0,0,0,0,0,0,0,0,0,0,0,0,0,0,0,0,0,0,0,0,0,0,0,0,0,0,0,0,0,0,0,0,0,0,2.4,7.4,8.5,10.4,15.2,17.4,13.3,15,0,0,0,0,0,0,0,35,0,19.9,21.2,24.6,18.2,18.1,19.4,19.2,17.5,17.5
Australia,0,0,0,0,0,0,0,0,0,0,0,0,0,0,0,0,0,0,0,0,0,0,0,0,0,0,0,0,0,0,0,8.19,7.86,7.43,8.53,10.4,9.48,8.76,8.71,8.62,7.9,6.84,7.19,9.15,9.93,10,9.36,8.11,8.24,8.07,7.33,6.66,6.06,6.45,6.16,5.98,5.54,5.22,4.92,4.78,4.57,5.4,5.38,5.3,5.33,5.61,6.17,6.07,5.78,5.67
Austria,0,0,0,0,0,0,0,0,0,0,0,0,0,0,0,0,0,0,0,0,0,4,3.8,2.4,2.3,2.1,2.2,2.8,2.7,2.5,2.6,2.5,2.3,2.7,3.5,4.1,4.3,4.7,5.2,4.05,3.99,3.58,3.57,6.9,3.77,4.5,3.96,4.9,5.21,5.27,5.59,4.76,4.59,4.13,4.53,4.34,5.89,5.86,5.6,5.3,4.41,5.09,4.63,4.58,4.79,5.29,5.38,5.31,5.54,5.03
Azerbaijan,0,0,0,0,0,0,0,0,0,0,0,0,0,0,0,0,0,0,0,0,0,0,0,0,0,0,0,0,0,0,0,0,0,0,0,0,0,0,0,0,0,0,0,0.16,0.23,0.72,0.87,1,1.1,1.24,1.35,18.6,1.4,1.5,1.5,1.5,1.5,1.5,1.3,1.2,1,0,0,0,0,0,0,5.87,6,5.9
Bahamas,0,0,0,0,0,0,0,0,0,0,0,0,0,0,0,0,0,0,0,0,0,0,0,0,0,12.3,0,27,0,25.7,0,21.1,0,0,0,0,0,0,14.9,0,14.2,12.4,7.88,12.1,15.9,13,15.2,11.7,14.7,11.3,9.97,9.72,0,7.02,0,11.8,0,11.2,8.02,9.07,9.25,14,0,15.3,14,16.3,0,0,0,
Bahrain,0,0,0,0,0,0,0,0,0,0,0,0,0,0,0,0,0,0,0,0,0,0,0,0,0,0,0,0,0,0,0,0,0,9.5,0,0,0,0,0,0,0,0,0,11.8,0,0,0,0,0,0,0,0,0,10.5,0,0,20,0,0,0,0,0,3.68,0,3.88,0,0,0,0,
Bangladesh,0,0,0,0,0,0,0,0,0,0,0,0,0,0,0,0,0,0,0,0,0,0,0,0,0,0,0,0,0,0,0,0,0,0,0,0,5.27,6.96,2.84,0,0,0.86,0,2.1,0,0,0,0,2.19,0,0,0,3.32,0,0,4.85,0,7.03,6.44,0,0,7.4,4.36,0,0,7.41,0,0,7.29,6.68
Barbados,0,0,0,0,0,0,0,0,0,0,0,0,0,0,0,0,0,0,0,0,0,0,0,0,0,0,0,0,13.1,17.8,15.9,12.5,11.3,9.52,10.4,11.2,22.1,24.2,23,23.3,23.3,18.7,10.4,21.8,26.1,27.7,27.9,23.2,17.6,17.8,16.2,13.2,11.5,11.9,12,12.6,10.5,10.8,9.84,8.45,9.45,9.89,10.5,12.6,12.3,11.7,12.8,10.3,10,
Belarus,0,0,0,0,0,0,0,0,0,0,0,0,0,0,0,0,0,0,0,0,0,0,0,0,0,0,0,0,0,0,0,0,0,0,0,0,0,0,0,0,0,0,0,0.07,0.8,1.8,2.6,3.5,5,3.6,3,2.6,2.4,2.6,3.5,3.9,2.4,2,1.5,1.2,0.9,4.6,0,0.6,0.5,0.4,0.4,0.7,4.19,
Belgium,0,0,0,0,0,0,0,0,0,0,0,0,0,0,0,0,0,0,0,0,0,0,0,2.7,3.3,3.9,4.7,7.7,10.5,10.8,13.1,12.8,15,18,18.6,17.8,18.3,17.8,17.9,17.6,15.2,13,11.4,10.6,9.5,10.8,12.4,12.2,12.4,11.5,11.7,10.2,8.28,6.92,7.8,8,8.28,9.51,9.31,8.44,7.6,8.11,8.52,7.18,7.41,8.17,7.94,7.77,7.56,7.05
Belize,0,0,0,0,0,0,0,0,0,0,0,0,0,0,0,0,0,0,0,0,0,0,0,0,0,0,0,0,0,0,0,0,0,0,0,0,0,0,0,0,0,0,0,0,0,14.2,15.6,17.9,18.6,20.4,21.3,20.3,0,15.4,15.3,0,0,17.1,15.1,13,0,0,0,0,22.3,20.8,19.9,15.1,13.6,14.6
Benin,0,0,0,0,0,0,0,0,0,0,0,0,0,0,0,0,0,0,0,0,0,0,0,0,0,0,0,0,0,0,0,0,0,0,0,0,0,0,0.15,0,0,0,0,0,0.59,0,0,0,0,0,0,0,0,0,0.43,0,0,0,0,0,0,0,1.14,2.86,0,0,0,0,0,
Bhutan,0,0,0,0,0,0,0,0,0,0,0,0,0,0,0,0,0,0,0,0,0,0,0,0,0,0,0,0,0,0,0,0,0,0,0,0,0,0,0,0,0,0,0,0,0,0,0,0,0,0,1.4,1.6,0,3.2,0,0,3.34,3.29,3.81,0,0,5.35,3.97,4.54,2.2,3.7,3.49,3.15,0,
Bolivia,0,0,0,0,0,0,0,0,0,0,0,0,0,0,0,0,0,0,0,0,0,0,0,0,0,0,0,0,0,0,0,0,0,0,0,0,0,10.8,11.5,12.6,11.6,9.94,7.41,7.12,1.23,5.26,2.84,4.09,5.53,2.03,0,4.59,5.58,6.4,6.8,0,4.88,5.98,5.26,5.74,3.35,3.44,0,2.66,2.76,2.95,2.82,3.78,4.02,3.82
Bosnia and Herzegovina,0,0,0,0,0,0,0,0,0,0,0,0,0,0,0,0,0,0,0,0,0,0,0,0,0,0,0,0,0,0,0,0,0,0,0,0,0,0,0,0,0,0,0,21.6,0,0,0,0,0,0,0,0,0,0,0,0,0,0,34.8,32.7,26.5,25.7,29.9,29.9,30.8,28.9,31.2,32.2,31.3,5.5
Botswana,0,0,0,0,0,0,0,0,0,0,0,0,0,0,0,0,0,0,0,0,0,0,0,0,0,0,0,0,0,0,0,0,0,0,0,0,0,30.8,0,0,0,0,0,17.2,0,0,23.8,0,23.9,0,23.6,0,17.3,22.1,0,26.3,0,0,20,0,0,19.6,21.4,0,0,0,0,0,0,
Brazil,0,0,0,0,0,0,0,0,0,0,0,0,0,0,0,0,0,0,0,0,0,0,0,0,0,0,0,0,1.9,2.76,2.8,2.76,0,4.16,5.09,4.63,4.4,3.86,2.71,3.95,4.25,2.97,3.45,0,7.95,7.34,0,8.07,9.5,10.8,12.5,13.2,0,12.1,11.8,12.6,11.9,12.5,11.3,11.1,9.88,11.3,8.51,9.36,9.02,8.74,8.09,10,13.4,14.7
Brunei,0,0,0,0,0,0,0,0,0,0,0,0,0,0,0,0,0,0,0,0,0,0,0,0,0,0,0,0,0,0,0,32.6,27.1,25.9,25,22.3,0,0,0,0,0,0,0,6.7,0,0,0,0,0,0,0,0,0,0,0,0,0,0,0,0,0,0,0,2.37,0,0,7.88,0,0,9.96
Bulgaria,0,0,0,0,0,0,0,0,0,0,0,0,0,0,0,0,0,0,0,0,0,0,0,0,0,0,0,0,0,0,0,0,0,0,0,0,0,0,0,0,0,0,0,0,0,0,0,0,0,13.5,11.8,14.1,15.8,18.9,17.4,13.2,11.6,9.84,9.3,7.29,5.76,6.62,9.61,10.1,10.8,11.8,10.4,8.42,6.97,5.95
Burkina Faso,0,0,0,0,0,0,0,0,0,0,0,0,0,0,0,0,0,0,0,0,0,0,0,0,0,0,0,0,0,0,0,0,0,0,0,0,0,0.6,0,0,0,0,0,0,0,0,0,0,0,0,2.58,0,0,0,0,0,0,0,1.66,3.9,0,0,0,0,0,0,9.26,0,0,
Burundi,0,0,0,0,0,0,0,0,0,0,0,0,0,0,0,0,0,0,0,0,0,0,0,0,0,0,0,0,0,0,0,0,0,0,0,0,0,0,0,0,0,0,0.26,0,0,0,0,0,0,0,0,13.2,0,0,0,0,0,0,0,0,0,0,0,0,0,0,1.17,0,0,21
Cambodia,0,0,0,0,0,0,0,0,0,0,0,0,0,0,0,0,0,0,0,0,0,0,0,0,0,0,0,0,0,0,0,0,0,0,0,0,0,0,0,0,0,0,0,0,0,0,0,0,1.38,0,5.84,0,2.77,1.93,0,0,7.36,0,0,0,1.79,0,0.26,0,1.13,0.33,0.2,0,0,
Cameroon,0,0,0,0,0,0,0,0,0,0,0,0,0,0,0,0,0,0,0,0,0,0,0,0,0,0,0,0,0,0,0,0,0,0,0,0,0,0,0,0,0,0,0,0,0,0,0,0,6.5,0,0,0,0,6.7,0,0,0,4.6,0,3.49,0,0,4.88,0,0,0,4.03,0,0,
Canada,0,0,0,0,0,0,0,0,0,0,0,0,0,0,0,0,0,0,0,0,0,0,4.5,5.1,5.3,5.1,4.9,8.1,8.21,9.17,9.55,8.69,8.33,8.26,10.7,11.6,11.3,10.6,9.76,9.2,8.19,7.77,8.09,9.69,10.2,10.7,9.8,9.11,9.29,8.92,7.99,7.29,6.69,6.86,7.12,7.16,6.85,6.46,6.09,5.65,5.65,7.01,7.24,7.01,6.82,6.6,6.39,6.29,6.24,5.85
Cape Verde,0,0,0,0,0,0,0,0,0,0,0,0,0,0,0,0,0,0,0,0,0,0,0,0,0,0,0,0,0,0,0,0,0,0,0,0,0,0,0,0,0,0,22.6,0,0,0,0,0,0,0,0,0,0,0,0,0,0,0,0,0,0,0,0,0,0,0,0,39.7,0,
Chad,0,0,0,0,0,0,0,0,0,0,0,0,0,0,0,0,0,0,0,0,0,0,0,0,0,0,0,0,0,0,0,0,0,0,0,0,0,0,0,0,0,0,0,0,0,0.3,0,0,0,0,0,0,0,0,0,0,0,0,0,0,0,0,0,0,0,0,0,0,0,
Chile,0,0,0,0,0,0,0,0,0,0,0,0,0,0,0,0,0,0,0,0,0,0,0,0,0,0,0,0,16.3,13.1,16.3,14,10.1,9.96,18.3,14.7,15.9,0,9.65,0,7.75,6.04,9.57,0,7.51,0,8.54,9.52,9.99,9.59,9.34,13.1,12.5,11.9,11.8,12,13,12.3,11.8,10.9,12.1,13.4,9.92,8.87,8.13,7.18,7.13,7.14,7.27,7.46
Colombia,0,0,0,0,0,0,0,0,0,0,0,0,0,0,0,0,0,0,0,0,0,0,0,0,0,0,0,12.9,0,11.9,0,0,11.5,0,0,14.2,16.3,18.6,17.2,14.5,0,0,0,13.5,13,5.17,12.3,11.3,14.9,15.1,18,23.3,24.5,19.4,20,18.6,18,15.9,16.2,14.8,14.8,15.8,14.2,13.1,12.7,11.7,11,10.8,11.2,11.5
Comoros,0,0,0,0,0,0,0,0,0,0,0,0,0,0,0,0,0,0,0,0,0,0,0,0,0,0,0,0,0,0,0,0,0,0,0,0,0,0,0,0,0,0,0,16.9,0,0,0,0,0,0,0,0,0,0,0,0,4.89,0,0,0,0,0,0,0,0,0,0,0,0,
"Congo, Dem. Rep.",0,0,0,0,0,0,0,0,0,0,0,0,0,0,0,0,0,0,0,0,0,0,0,0,0,0,0,0,0,0,0,0,0,0,0,0,0,0,0,0,0,0,0,0,0,0,0,0,0,0,0,0,0,0,0,0,0,2.2,0,0,0,0,0,0,3.62,0,0,0,0,
"Congo, Rep.",0,0,0,0,0,0,0,0,0,0,0,0,0,0,0,0,0,0,0,0,0,0,0,0,0,0,0,0,0,0,0,0,0,0,0,0,0,0,0,0,0,0,0,0,0,0,0,0,0,0,0,0,0,0,0,0,0,21,0,0,0,18.3,0,0,10.8,0,0,0,0,
Costa Rica,0,0,0,0,0,0,0,0,0,0,0,0,0,0,0,0,0,0,0,0,0,0,0,0,0,0,0,0,0,0,0,0,0,10.4,0,0,0,0,0,0,0,0,5.71,7.06,5.28,4.97,5.55,6.49,8.21,7.32,7.52,7.86,6.64,7.39,7.76,8,8.3,9.34,8.37,6.78,5.88,9.6,9.05,12.8,11.6,10.4,11.3,11.2,10.9,10.3
Cote d'Ivoire,0,0,0,0,0,0,0,0,0,0,0,0,0,0,0,0,0,0,0,0,0,0,0,0,0,0,0,0,0,0,0,0,0,0,0,0,0,0,0,0,0,0,0,0,0,0,0,0,0,0,28.9,0,0,0,0,0,0,0,0,0,0,0,0,0,7.33,5.11,0,0,3.36,
Croatia,0,0,0,0,0,0,0,0,0,0,0,0,0,0,0,0,0,0,0,0,0,0,0,0,0,0,0,0,0,0,0,0,0,8.2,9.1,9.5,9.6,9.8,9.6,9.3,9.7,10,10.9,11.2,0,20.1,0,0,10.1,10.1,19,21.2,23.4,21.3,17.3,15.6,15.3,13.8,12.7,11.3,10.3,10.7,12.3,13.7,16,16.8,18.3,16.9,13.8,11.9
Cuba,0,0,0,0,0,0,0,0,0,0,0,0,0,0,0,0,0,0,0,0,0,0,0,0,0,0,0,0,0,0,0,0,0,0,0,0,0,0,0,0,0,0,0,0,0,0,0,13,12.3,11.2,9.38,9.64,8.26,5.76,4.63,3.4,2.21,2.21,2.22,1.87,1.97,1.99,2.71,3.51,3.62,3.55,3.1,0,0,
Cyprus,0,0,0,0,0,0,0,0,0,0,0,0,0,0,0,0,0,0,0,0,0,0,0,0,0,0,7.4,10.5,5.3,3.1,2.6,2.4,2.6,2.9,4.5,4.1,4.1,4.2,5,4.7,3.8,3.3,2.5,4.4,2.23,4.1,3.9,3.7,4.3,4.5,4.2,7.9,7.33,5.72,4.17,4.58,5.42,6.48,5.4,4.58,4.24,5.47,6.41,7.63,11.1,15.2,15.1,14.8,13.3,11.3
Czech Republic,0,0,0,0,0,0,0,0,0,0,0,0,0,0,0,0,0,0,0,0,0,0,0,0,0,0,0,0,0,0,0,0,0,0,0,0,0,0,0,0,0,0,0.8,2.07,3,5.44,5.19,4.81,4.66,5.12,7.55,10.1,10.5,9.61,8.55,9.64,9.65,9.79,8.85,6.74,5.61,7.73,8.46,7.89,8.21,8.29,7.39,6.07,4.67,3.58
Denmark,0,0,0,0,0,0,0,0,0,0,0,0,0,0,0,0,0,0,0,0,0,0,0,0,0,0.5,1.5,3.9,5,6.9,8.3,7.4,7.6,9.2,10,10.4,10.2,9.49,7.77,7.13,7.32,8.9,8.92,10,9.87,11.1,9,8.65,8.4,6.44,6.4,5.9,4.97,4.78,4.32,5.75,5.44,5.28,4.53,4.2,3.73,5.31,6.46,7.47,7.55,7.27,6.82,6.44,6.64,5.94
Dominica,0,0,0,0,0,0,0,0,0,0,0,0,0,0,0,0,0,0,0,0,0,0,0,0,0,0,0,0,0,0,0,0,0,0,0,0,0,0,0,0,0,18.3,0,10,0,0,0,0,0,27.3,0,19.4,0,9.45,0,0,0,0,0,0,0,0,0,0,0,0,0,0,0,
Dominican Republic,0,0,0,0,0,0,0,0,0,0,0,0,0,0,0,0,0,0,0,0,0,0,0,0,0,0,0,0,0,0,0,0,0,0,0,0,0,0,0,0,0,0,0,0,0,0,0,0,28.1,28.6,23.8,24.9,23.8,26,15.8,26.5,30.7,9.71,8.86,7.56,7.37,7.89,7.04,8.35,9.21,10.5,9.69,10.8,10.7,
Ecuador,0,0,0,0,0,0,0,0,0,0,0,0,0,0,0,0,0,0,0,0,0,0,0,0,0,0,0,0,0,0,0,0,0,0,0,0,0,0,0,10.4,10.3,10.9,2.58,12.8,13,11.2,8.62,8.72,14.1,12.6,15.9,19.3,6.44,5.21,13.9,6.16,5.7,4.7,4.36,3.9,4.98,5.86,4.95,4.27,3.81,3.65,4.13,4.5,5.81,4.9
Egypt,0,0,0,0,0,0,0,0,0,0,0,0,0,0,0,0,0,0,0,0,0,0,0,0,0,0,0,0,0,11.3,12.3,14.9,17.7,14.8,16.8,10.2,11,0,0,0,0,10.9,17.9,21.2,17.2,22.5,23,23.9,20.4,19.8,19.8,19.3,22.7,22.1,23.8,23.3,24.3,24.3,23.9,18.4,18.9,22.4,22.1,22.4,24,24.2,24,24.8,23.6,
El Salvador,0,0,0,0,0,0,0,0,0,0,0,0,0,0,0,0,0,0,0,0,0,0,0,0,0,0,0,0,0,0,0,0,17.7,0,0,0,0,24.4,10.3,0,7.09,6.83,9.8,6.58,3.36,6.84,6.43,5.88,6.48,5.32,5.78,4.45,3.74,5.22,3.22,3.2,3.42,4.8,3.9,3.73,3.63,4.93,4.16,3.41,3.3,3.33,3.14,3.47,3.85,4
Equatorial Guinea,0,0,0,0,0,0,0,0,0,0,0,0,0,0,0,0,0,0,0,0,0,0,0,0,0,0,0,0,0,0,0,0,0,0,0,19.4,0,0,0,0,0,0,0,0,0,0,0,0,0,0,0,0,0,0,0,0,0,0,0,0,0,0,0,0,0,0,0,0,0,
Estonia,0,0,0,0,0,0,0,0,0,0,0,0,0,0,0,0,0,0,0,0,0,0,0,0,0,0,0,0,0,0,0,0,0,0,0,0,0,0,0,0,0,0,0.695,1.53,3.46,6.64,7.93,8.86,9.23,9.54,8.51,10.1,11.6,13.2,8.68,10.4,8.83,6.91,5.59,3.76,5.14,10.3,14.1,11.6,9.1,8.16,6.81,6.13,6.07,5.3
Ethiopia,0,0,0,0,0,0,0,0,0,0,0,0,0,0,0,0,0,0,0,0,0,0,0,0,0,0,0,0,0,0,0,0,0,0,0,0,1.4,0,0,0,0,0,0,0,0,0,3.3,0,0,0,0,5.06,0,0,0,0,0,3.25,0,0,0,0,0,0,0,2.94,0,0,0,
Fiji,0,0,0,0,0,0,0,0,0,0,0,0,0,0,0,0,0,0,0,0,0,0,0,0,0,0,0,0,0,0,0,0,0,0,11.9,0,0,0,0,0,0,0,0,0,0,0,0,0,7.84,0,0,0,0,0,0,0,6,5.16,0,0,0,0,0,4.62,0,0,8.51,0,5.54,
Finland,0,0,0,0,0,0,0,0,0,0,0,0,0,0,0,0,0,0,0,0,0,1.6,1.04,1.54,1.67,2.38,1.85,2.02,2.93,4.97,6.08,5.72,4.95,4.81,5.17,5.31,4.97,4.07,4.58,4.36,3.95,3.12,2.6,5.03,9.65,14.4,14.9,16.2,15.6,15.2,13.6,12.4,12,10.8,10.2,9.94,10.6,8.61,8.08,7.19,6.69,7.57,7.64,7.1,7.05,7.52,7.95,8.84,8.58,8.39
France,0,0,0,0,0,0,0,0,0,0,0,0,0,0,0,0,0,0,0,0,0,0,0,4.55,4.61,4.52,4.78,6.08,6.81,7.45,7.55,8.99,9.93,11.1,11.6,10.5,12.1,12.6,12.3,13.5,12.8,12.6,12.2,11.6,12.8,13.4,14.5,14.1,14.5,14.4,14.1,13.9,12.2,10.5,9.8,9.13,9.88,9.27,9.11,8.09,7.44,8.8,9.07,9.12,9.36,9.79,10,9.88,9.85,9.34
Gabon,0,0,0,0,0,0,0,0,0,0,0,0,0,0,0,0,0,0,0,0,0,0,0,0,0,0,0,0,0,0,0,0,0,0,0,0,0,0,0,0,0,0,0,0,0,16.1,0,0,0,0,0,0,0,0,0,0,0,22.4,0,0,0,0,28.5,0,0,0,0,0,0,
Gambia,0,0,0,0,0,0,0,0,0,0,0,0,0,0,0,0,0,0,0,0,0,0,0,0,0,0,0,0,0,0,0,0,0,0,0,0,0,0,0,0,0,0,0,0,0,0,0,0,0,0,0,0,0,0,0,0,0,0,0,0,0,0,0,0,12.6,0,0,0,0,
Georgia,0,0,0,0,0,0,0,0,0,0,0,0,0,0,0,0,0,0,0,0,0,0,0,0,0,0,0,0,0,0,0,0,0,0,0,0,0,0,0,0,0,0,0,0,0,0,0,0,0,0,13.7,12.2,10.5,10.7,11,11.5,11.8,12.7,11.7,12.6,16.1,15.4,14.4,13.2,13.8,12.3,10.4,10.2,8.85,
Germany,0,0,0,0,0,0,0,0,0,0,0,0,0,0,0,0,0,0,0,0,0,0,0,0,0,0,0,0,0,0,0,0,0,0,0,7.53,8.24,8.47,8.23,7.92,7.9,7.47,6.12,6.53,8.23,9.32,10.3,9.63,9.59,10.6,10.4,9.24,8.27,7.78,8.21,9.28,10.1,10.9,10.2,8.79,7.65,7.31,6.5,5.58,5.18,4.92,4.63,4.22,3.74,3.31
Ghana,0,0,0,0,0,0,0,0,0,0,0,0,0,0,0,0,0,0,0,0,0,0,0.1,0.2,0.4,0.4,0.4,0.4,0.5,0.6,0.7,0.6,0.8,0.6,0.5,0.4,0.2,0.2,0.1,0,0,0,0,0,5.5,0,0,0,0,0,8.7,10.7,10.7,0,0,0,0,0,4.76,0,0,0,5.77,0,0,2.36,0,6.6,0,
Greece,0,0,0,0,0,0,0,0,0,0,0,0,0,0,0,0,0,0,0,0,0,0,0,0,0,0,0,0,0,0,0,0,0,5.71,8.12,11.7,12.1,11.7,11.6,11.4,12.5,12.4,11.7,12.9,12.9,13.6,13.7,13.8,15.4,14.8,16.7,18.2,17,15.9,15.3,14.5,16,15.4,13.8,12.9,11.5,13.3,16.3,21.5,28.2,31.3,30.2,28.9,28.1,26.1
Grenada,0,0,0,0,0,0,0,0,0,0,0,0,0,0,0,0,0,0,0,0,0,0,0,0,0,0,0,0,0,0,0,0,0,0,0,0,0,0,0,0,0,0,0,12.9,0,0,37,0,24.9,0,21.8,0,0,0,0,0,0,0,0,0,0,0,0,0,0,0,0,0,0,
Guatemala,0,0,0,0,0,0,0,0,0,0,0,0,0,0,0,0,0,0,0,0,0,0,0,0,0,0,0,0,0,0,0,0,0,2.09,2.22,0,0,0,0,4.17,0,3.08,0,4.37,0,0,0,0,0,0,0,2.76,1.51,1.4,4.33,3.39,3.38,0,2.53,0,0,0,3.83,6.61,3.44,3.64,3.37,3.53,3.94,
Guinea,0,0,0,0,0,0,0,0,0,0,0,0,0,0,0,0,0,0,0,0,0,0,0,0,0,0,0,0,0,0,0,0,0,0,0,0,0,0,0,0,0,0,0,0,0,0,0,0,0,0,0,0,0,0,3.55,0,0,0,0,0,0,0,0,0,0,0,0,0,0,
Guyana,0,0,0,0,0,0,0,0,0,0,0,0,0,0,0,0,0,0,0,0,0,0,0,0,0,0,0,0,0,0,0,0,0,0,0,0,0,0,0,23.9,0,0,0,0,0,0,0,0,0,0,0,0,0,0,15.3,0,0,0,0,0,0,0,0,0,0,0,0,0,0,
Haiti,0,0,0,0,0,0,0,0,0,0,0,0,0,0,0,0,0,0,0,0,0,0,0,0,0,0,0,0,0,0,0,0,0,0,0,13.5,0,0,0,0,0,0,11.3,0,0,0,0,0,0,0,0,0,0,0,0,32.1,0,0,0,19.2,0,0,0,0,17.3,0,0,0,0,
Honduras,0,0,0,0,0,0,0,0,0,0,0,0,0,0,0,0,0,0,0,0,0,0,0,0,0,0,8.9,0,0,0,0,0,0,0,6,0,0,0,10.9,10.3,0,0,6.12,5.54,2.93,0,0,3.4,4.42,3.32,4.35,3.89,0,4.08,4.81,6.55,8.31,6.38,4.39,4.28,3.84,4.26,5.4,6.31,5.12,5.08,6.9,6.33,5.5,
Hungary,0,0,0,0,0,0,0,0,0,0,0,0,0,0,0,0,0,0,0,0,0,0,0,0,0,0,0,0,0,0,0,0,0,0,0,0,0,0,0,0,0,0,1.4,7.6,10.5,10.4,9.37,8.69,9.03,7.86,8.09,6.22,5.79,4.88,5.08,5.39,5.86,7.43,7.91,7.73,8,9.74,10.7,11,10.6,10.1,7.91,7.04,5.11,4.57
Iceland,0,0,0,0,0,0,0,0,0,0,0,0,0,0,0,0,0,0,0,0,0,0,0,0,0,0,0,0,0,0,0,0,0.6,0.6,1,1.3,1.8,1.3,0.8,0.6,0.9,2.2,2.2,2.89,4.9,5.6,5.54,4.91,3.45,3.82,3.8,2.79,2.63,2.24,2.65,3.97,2.75,2.49,3.06,2.27,2.58,5.68,6.74,6.21,5.66,5.08,4.79,4.05,3.05,2.72
India,0,0,0,0,0,0,0,0,0,0,0,0,0,0,0,0,0,0,0,0,0,0,0,0,0,0,0,0,0,0,0,0,0,0,0,0,0,0,0,0,0,0,0,0,0,0,2.52,0,0,0,0,0,2.4,0,0,0,0,5,0,0,0,0,4.34,0,3.69,0,0,0,0,
Indonesia,0,0,0,0,0,0,0,0,0,0,0,0,0,0,0,0,0,0,0,0,0,0,0,0,0,0,0,0,1.96,1.14,1.76,0,2.24,0,3.36,0,0,2.01,2.56,2.43,2.71,0,2.64,2.9,2.82,0,0,0,5.43,0,6.12,6.84,6.71,7.37,7.85,8.31,9.18,10.1,9.29,9.91,8.1,6.7,6.39,5.57,4.78,4.27,3.88,4.43,3.87,3.92
Iran,0,0,0,0,0,0,0,0,0,0,0,0,0,0,0,0,0,0,0,0,0,0,0,0,0,0,0,0,0,0,0,0,0,0,0,0,0,0,25.5,0,0,0,0,24.4,0,0,0,0,13.4,0,0,0,0,0,0,0,0,18.2,16.1,15.9,16.3,16.7,20.1,20.7,20.5,19.8,19.2,19.5,20.7,19.9
Iraq,0,0,0,0,0,0,0,0,0,0,0,0,0,0,0,0,0,0,0,0,0,0,0,0,0,0,0,0,0,0,0,0,0,0,0,0,0,0,0,0,0,0,0,0,0,0,0,0,0,0,0,0,0,0,0,0,0,0,0,7.44,0,0,0,0,12.4,0,0,0,0,
Ireland,0,0,0,0,0,0,0,0,0,0,0,0,0,0,0,0,0,0,0,0,0,0,0,0,0,0,0,0,0,0,0,0,0,8.1,9.9,15.9,17.4,19.2,19.5,19,18.4,16.5,15,16.6,15.3,15.8,14.7,12.1,11.8,10.2,7.34,5.62,4.27,3.55,3.75,4.01,3.83,4.01,4.21,4.93,5.7,9.51,11.4,12.5,12.8,12.4,10.9,8.9,7.59,6.29
Israel,0,0,0,0,0,0,0,0,0,0,0,0,0,0,0,0,0,0,0,0,0,0,0,0,0,3.15,4.39,0,4.61,0,4.7,3.69,5.84,6.28,5.94,5.24,6.97,7.02,0,0,0,0,14.1,16.4,17.1,14.9,12.3,10.7,9.69,10.9,11.2,11.5,11.2,12,12.7,13.8,13.8,11.6,11,9.81,7.86,9.18,7.95,6.95,6.98,6.24,5.92,5.39,4.94,4.32
Italy,0,0,0,0,0,0,0,0,0,0,0,0,0,0,0,0,0,0,0,0,0,0,9.63,9.51,10.9,11.6,9.58,10.5,12,0,12.6,13.3,13.1,0,14.8,14.3,15.3,15.3,17,16.6,17.4,17.3,15.7,15.7,13.9,14.8,15.3,16.1,16.2,16.4,16.5,16.3,14.9,13,12.6,11.9,10.2,10,8.77,7.84,8.5,9.22,9.6,9.54,11.8,13.1,13.8,12.7,12.8,12.4
Jamaica,0,0,0,0,0,0,0,0,0,0,0,0,0,0,0,0,0,0,0,0,0,0,0,0,0,0,0,29.6,32.6,0,35.2,0,62,38,39.4,0,0,56,0,0,36.9,0,23.1,22.8,22.2,22.4,21.7,22.5,23,23.4,22.1,22.8,22.3,20.9,19.6,16.3,17.3,15.8,14.5,14.3,14.6,14.8,16.2,17.2,18.1,20.1,18.1,17.9,17.4,15.4
Japan,0,0,0,0,0,1.9,2.1,2.3,2.3,2,1.9,2,1.7,1.6,1.5,1.3,1.3,1.3,1.4,1.4,1.1,1.1,1,1.1,1.3,1.2,1.3,1.7,1.7,1.8,2,2,2,2.1,2.3,2.6,2.8,2.7,2.8,2.8,2.6,2.3,2.2,2.2,2.2,2.6,3,3.2,3.3,3.4,4,4.5,4.5,4.7,5.1,4.9,4.4,4.2,3.9,3.7,3.8,4.8,4.6,4.14,4,3.7,3.4,3.1,2.8,2.7
Jordan,0,0,0,0,0,0,0,0,0,0,0,0,0,0,0,0,0,0,0,0,0,0,0,0,0,0,0,0,0,0,0,0,0,0,0,22.8,0,0,22.3,25.4,0,0,0,0,0,30,0,29.9,24.3,0,0,0,21,20.5,21.9,20.8,0,25.9,25,25.6,24.4,24.1,21.7,21.2,19.9,22.2,20.7,0,0,
Kazakhstan,0,0,0,0,0,0,0,0,0,0,0,0,0,0,0,0,0,0,0,0,0,0,0,0,0,0,0,0,0,0,0,0,0,0,0,0,0,0,0,0,0,0,0,0,0,0,1.4,2.7,5.6,5.5,5,0,0,3.2,3.1,2.3,1.9,1.6,1.3,0.9,0.8,7.54,0,0,0,0,0,0,0,
Kenya,0,0,0,0,0,0,0,0,0,0,0,0,0,0,0,0,0,0,0,0,0,0,0,0,0,0,0,0,0,0,0,0,0,0,0,0,0,0,0,0,0,0,0,0,0,0,22.2,0,0,0,0,13.3,0,0,0,0,0,0,0,0,0,9.4,0,0,0,0,0,0,0,
Kiribati,0,0,0,0,0,0,0,0,0,0,0,0,0,0,0,0,0,0,0,0,0,0,0,0,0,0,0,0,0,10.1,11.7,10.8,0,0,0,0,0,0,0,0,0,0,0,0,0,0,0,0,0,0,0,0,0,0,0,0,0,18.2,0,0,0,0,34.1,0,0,0,0,0,0,
Kuwait,0,0,0,0,0,0,0,0,0,0,0,0,0,0,0,0,0,0,0,0,0,0,0,0,0,0,0,0,0,0,0,0,0,0,0,1.03,0,0,0,0,2.59,0,0,0,0,0,0,1.46,0.46,0.48,0.53,0.57,0.65,0.64,1.66,2.2,2.9,3.1,2.9,3.1,3.73,3.39,2.8,0,0,0,4.9,4.4,0,
Kyrgyz Republic,0,0,0,0,0,0,0,0,0,0,0,0,0,0,0,0,0,0,0,0,0,0,0,0,0,0,0,0,0,0,0,0,0,0,0,0,0,0,0,0,0,0,0,0,0,0,0,0,0,0,0,0,0,0,14.3,0,0,0,0,0,0,9.76,9.94,9.85,9.47,9.66,9.49,9.02,8.74,
Lao,0,0,0,0,0,0,0,0,0,0,0,0,0,0,0,0,0,0,0,0,0,0,0,0,0,0,0,0,0,0,0,0,0,0,0,0,0,0,0,0,0,0,0,0,0,0,0,2.6,0,0,0,0,0,0,0,0,0,1.36,0,0,0,0,0.661,0,0,0,0,0,0,7.82
Latvia,0,0,0,0,0,0,0,0,0,0,0,0,0,0,0,0,0,0,0,0,0,0,0,0,0,0,0,0,0,0,0,0,0,0,0,0,0,0,0,0,0,0,0,0,2.8,6.4,6.9,7,8.1,8.5,13.5,13.4,13.4,12.5,12.8,12,12.3,9.97,6.74,5.57,7.08,14.1,16.3,13.8,14,11.1,9.84,8.64,8.4,7.68
Lebanon,0,0,0,0,0,0,0,0,0,0,0,0,0,0,0,0,0,0,0,0,0,0,0,0,0,0,0,0,0,0,0,0,0,0,0,0,0,0,0,0,0,0,0,0,0,0,0,0,0,0,0,0,0,0,0,0,9.51,0,0,10.1,0,10.4,0,0,0,0,0,0,0,
Lesotho,0,0,0,0,0,0,0,0,0,0,0,0,0,0,0,0,0,0,0,0,0,0,0,0,0,0,0,0,0,0,0,0,0,0,0,0,0,0,7.8,0,0,0,0,0,0,0,0,0,0,46.5,0,33.1,0,0,0,0,0,0,0,0,38.8,0,0,0,0,0,0,0,0,
Liberia,0,0,0,0,0,0,0,0,0,0,0,0,0,0,0,0,0,0,0,0,0,0,0,0,0,0,0,0,0,0,0,0,0,0,0,0,0,0,0,0,0,0,0,0,0,0,0,0,0,0,0,0,0,0,0,0,0,0,0,0,0,0,2.29,0,0,0,0,0,0,
Libya,0,0,0,0,0,0,0,0,0,0,0,0,0,0,0,0,0,0,0,0,0,0,0,0,0,0,0,0,0,0,0,0,0,0,0,0,0,0,0,0,0,0,0,0,0,0,0,0,0,0,0,0,0,0,0,0,0,0,0,0,0,0,0,0,25.1,0,0,0,0,
Liechtenstein,0,0,0,0,0,0,0,0,0,0,0,0,0,0,0,0,0,0,0,0,0,0,0,0,0,0,0,0,0,0,0,0,0,0,0,0,0,0,0,0,0,0,0,0,0,0,0,0,0,0,0,0,0,0,0,0,0,0,0,2.53,0,3.3,3.1,3,3.2,3.1,0,0,0,
Lithuania,0,0,0,0,0,0,0,0,0,0,0,0,0,0,0,0,0,0,0,0,0,0,0,0,0,0,0,0,0,0,0,0,0,0,0,0,0,0,0,0,0,0,0,0,2.8,3.3,4.5,8.1,6.7,6.9,11.9,12.1,13.6,14.1,12.8,13.2,11.1,8.53,5.61,4.33,5.63,10.5,14.5,12.9,11.6,10.5,9.22,8.16,6.65,5.68
Luxembourg,0,0,0,0,0,0,0,0,0,0,0,0,0,0,0,0,0,0,0,0,0,0,0,0,0,0,0,0,0,0,0,0,0,0,0,5.02,3.77,4.32,3.98,3.75,2.93,2.39,2.4,2.12,2.78,3.13,4.29,4.38,4.66,3.64,4.16,3.33,3.14,2.17,3.63,4.71,7.09,5.82,6.25,4.71,6.03,6.13,5.09,6.26,5.91,6.38,5.77,7.34,6.63,5.5
"Macedonia, FYR",0,0,0,0,0,0,0,0,0,0,0,0,0,0,0,0,0,0,0,0,0,0,0,0,0,0,0,0,0,0,0,0,0,0,32.8,31.1,30.6,30.9,30.2,29.1,28.2,28.8,29.7,31.3,32.5,33.7,36.4,41.7,44.5,40.8,37.6,33.3,34.9,32,32.3,36.3,37.8,38.4,37.2,35.5,34.2,32.8,32.2,30.8,30.3,29,28.6,25.1,22.7,21.8
Madagascar,0,0,0,0,0,0,0,0,0,0,0,0,0,0,0,0,0,0,0,0,0,0,0,0,0,0,0,0,0,0,0,0,0,0,0,0,0,0,0,0,0,0,0,0,0,0,0,0,0,0,0,0,5.88,5.4,0,5.55,0,3.15,0,0,0,0,5.31,0,0.627,0,0,0,0,
Malawi,0,0,0,0,0,0,0,0,0,0,0,0,0,0,0,0,0,0,0,0,0,0,0,0,0,0,0,0,0,0,0,0,0,0,0,5.9,0,0,0,0,0,0,0,0,0,0,0,0,0,0,0,0,0,0,0,0,10,10,0,0,0,0,0,0,0,6.93,0,0,0,
Malaysia,0,0,0,0,0,0,0,0,0,0,0,0,0,0,0,0,0,0,0,0,0,0,0,0,0,0,0,0,0,0,0,0,0,0,4.6,4.7,0,0,0,0,0,0,0,0,0,0,0,3.78,2.6,2.84,3.31,3.29,3.06,3.79,3.77,3.64,3.81,3.71,0,0,0,0,0,0,0,0,0,3.39,3.92,
Maldives,0,0,0,0,0,0,0,0,0,0,0,0,0,0,0,0,0,0,0,0,0,0,0,0,0,0,0,0,0,0,0,0,0,0,0,0,0,0,0,0,0,0,0,0,0,0,0,1.31,0,0,0,0,2.74,0,0,0,0,0,0,0,0,0,0,0,0,0,5.91,0,5.63,
Mali,0,0,0,0,0,0,0,0,0,0,0,0,0,0,0,0,0,0,0,0,0,0,0,0,0,0,0,0,0,0,0,0,0,0,0,0,0,0,0,0,0,0,0,0,0,0,0,0,0,3.35,0,0,0,0,0,0,10.9,0,0,12.8,0,0,11.1,0,0,0,6.3,8.74,11.4,
Malta,0,0,0,0,0,0,0,0,0,0,0,0,0,0,0,0,0,0,0,0,0,0,0,0,0,0,0,0,0,0,0,0,0,0,0,9.3,0,7.2,6.2,3.1,3.1,2.3,2.3,2.6,3,2.5,2.2,2.3,2.9,2.8,2.5,2.6,6.53,8.06,8.3,9.88,8.25,8.36,8.32,7.9,6.78,7.63,7.13,7.13,7.31,6.25,5.33,5.2,5.21,4.66
Marshall Islands,0,0,0,0,0,0,0,0,0,0,0,0,0,0,0,0,0,0,0,0,0,0,0,0,0,0,0,0,0,0,0,0,11.3,0,0,0,0,0,0,0,13.2,0,0,0,0,0,0,0,0,0,0,0,0,0,0,0,0,0,0,0,0,0,0,4.48,0,0,0,0,0,
Mauritania,0,0,0,0,0,0,0,0,0,0,0,0,0,0,0,0,0,0,0,0,0,0,0,0,0,0,0,0,0,0,0,0,0,0,0,0,0,0,0,0,35.8,0,0,0,0,0,0,0,0,0,0,0,27.4,0,0,0,0,0,0,0,0,0,0,0,12.4,0,0,0,0,
Mauritius,0,0,0,0,0,0,0,0,0,0,0,0,0,0,0,0,0,0,0,0,0,0,0,0,0,0,0,0,0,0,0,0,0,0,0,0,0,0,0,0,0,0,0,0,3.12,4.22,5.2,13.6,8.2,8.5,8.5,9,9.21,11.6,11.7,9.45,13.4,16.3,15.5,14.4,12.7,12.3,12.9,11.1,11.7,11.1,10.8,10.7,10.4,10.7
Mexico,0,0,0,0,0,0,0,0,0,0,0,0,0,0,0,0,0,0,0,0,0,0,0,0,0,0,0,0,0,0,0,0,0,0,0,0,0,0,0,0,2.61,0,0,4.22,4.04,3.95,4.84,8.61,6.87,6.13,4.92,3.54,3.27,3.27,3.5,3.63,4.7,3.9,3.88,3.99,4.03,5.35,5.18,5.13,4.88,4.96,4.85,4.45,3.91,3.6
Moldova,0,0,0,0,0,0,0,0,0,0,0,0,0,0,0,0,0,0,0,0,0,0,0,0,0,0,0,0,0,0,0,0,0,0,0,0,0,0,0,0,0,0,0,0,0,0,0,0,0,0,0,8.88,7.2,5.88,5.54,6.36,6.34,5.99,5.73,3.86,3.38,4.89,5.74,5.59,4.29,4.14,3.07,2.92,2.89,3.34
Monaco,0,0,0,0,0,0,0,0,0,0,0,0,0,0,0,0,0,0,0,0,0,0,0,0,0,0,0,0,0,0,0,0,0,0,0,0,0,0,0,0,0,0,0,0,0,0,0,0,0,0,0,0,5.23,0,0,0,0,0,0,0,0,0,0,0,0,0,0,0,8.68,
Mongolia,0,0,0,0,0,0,0,0,0,0,0,0,0,0,0,0,0,0,0,0,0,0,0,0,0,0,0,0,0,0,0,0,0,0,0,0,0,0,0,0,0,0,0,0,0,0,0,6.7,0,0,0,0,0,0,6.2,6.4,0,0,0,7.1,5.18,6.16,5.9,4.43,3.53,4.46,4.41,4.26,5.9,5.66
Montenegro,0,0,0,0,0,0,0,0,0,0,0,0,0,0,0,0,0,0,0,0,0,0,0,0,0,0,0,0,0,0,0,0,0,0,0,0,0,0,0,0,0,0,0,0,0,0,0,0,0,0,0,0,0,0,0,0,0,35.5,0,20.9,18.4,20.6,20.8,20,20.2,18.8,18.2,16.1,17.1,16.9
Morocco,0,0,0,0,0,0,0,0,0,0,0,0,0,0,0,0,0,0,0,0,0,0,0,0,0,0,0,0,0,0,0,0,0,0,0,0,0,0,0,18.5,17.3,19.8,20.4,22.6,24.7,21.2,0,32.2,22.9,21.2,24.4,13.6,13.5,13.3,12.8,13.2,11.9,11.6,9.42,9.4,9.44,9.28,9.48,10.8,9.84,9.51,10.3,10.4,10.7,
Mozambique,0,0,0,0,0,0,0,0,0,0,0,0,0,0,0,0,0,0,0,0,0,0,0,0,0,0,0,0,0,0,0,0,0,0,0,0,0,0,0,0,0,0,0,0,0,0,0,0,0,1.56,0,0,0,0,0,0,0,0,0,0,0,0,0,0,0,0,0,3.67,0,
Myanmar,0,0,0,0,0,0,0,0,0,0,0,0,0,0,0,0,0,0,0,0,0,0,0,0,0,0,0,0,0,0,0,0,0,0,0,0,0,0,0,0,0,0,8.8,0,0,0,0,0,0,0,0,0,0,0,0,0,0,0,0,0,0,0,0,0,0,0,0,0.898,0,2.01
Namibia,0,0,0,0,0,0,0,0,0,0,0,0,0,0,0,0,0,0,0,0,0,0,0,0,0,0,0,0,0,0,0,0,0,0,0,0,0,0,0,0,0,0,0,18.6,0,0,21.1,0,0,25.9,0,0,21.6,0,0,0,25,0,0,0,43,0,24,0,19,20.7,20.4,0,25,
Nauru,0,0,0,0,0,0,0,0,0,0,0,0,0,0,0,0,0,0,0,0,0,0,0,0,0,0,0,0,0,0,0,0,0,0,0,0,0,0,0,0,0,0,0,0,0,0,0,0,0,0,0,0,0,0,29.6,0,0,0,0,0,0,0,0,25.5,0,0,0,0,0,
Nepal,0,0,0,0,0,0,0,0,0,0,0,0,0,0,0,0,0,0,0,0,0,0,0,0,0,0,0,0,0,0,0,0,0,0,0,0,0,0,0,0,0,0,0,0,0,0,0,0,0,0,0,1.66,0,0,0,0,0,0,0,0,1.09,0,0,0,0,3.4,3.4,0,0,
Netherlands,0,0,0,0,0,0,0,0,0,0,0,0,0,0,0,0,0,0,0,0,0,0.8,0.9,1.3,2,2.5,3.3,9.4,5.9,8.9,7.5,10.2,5.2,11.4,8.9,13.7,13.3,12.4,12.3,14,12.6,11.8,10.9,9.91,7.79,7.69,8.05,8.66,8.11,7.14,5.81,4.85,3.46,2.52,2.89,3.79,5.04,5.07,4.36,3.63,3.01,3.46,4.51,5.41,6.23,7.3,7.75,7.27,6.51,5.25
New Zealand,0,0,0,0,0,0,0,0,0,0,0,0,0,0,0,0,0,0,0,0,0,0,0,0.2,0.4,0.2,0.1,0.4,0.6,0.8,2.2,2.4,3.3,4.2,4.6,6.2,5.5,4.3,4.89,4.43,5.67,7.1,7.46,9.77,9.74,8.96,7.81,6.49,6.25,6.86,7.61,6.69,5.98,5.38,5.47,5.11,4.52,4.14,4.2,3.96,4.26,6.14,6.93,6.76,7.39,6.96,6.54,5.86,5.47,5.2
Nicaragua,0,0,0,0,0,0,0,0,0,0,0,0,0,0,0,0,0,0,0,0,0,0,0,0,0,0,0,0,0,0,0,0,0,0,0,0,0,4.6,6.5,8,8.3,11.7,15.1,19.5,0,0,0,0,17.5,0,15.5,12.8,11.5,7.72,0,7.83,7.88,5.77,4.98,5.04,0,0,0,0,5.73,5.45,5.61,0,0,
Niger,0,0,0,0,0,0,0,0,0,0,0,0,0,0,0,0,0,0,0,0,0,0,0,0,0,0,0,0,0,0,0,0,0,0,0,0,0,0,0,0,0,0,0,0,0,0,0,8.11,0,0,0,0,0,0.93,0,0,0,2.7,0,0.5,0,0,0,0.224,0,0,0,0,0,
Nigeria,0,0,0,0,0,0,0,0,0,0,0,0,0,0,0,0,0,0,0,0,0,0,0,0,0,0,0,0,0,0,0,0,0,0,0,0,0,0,4.4,0,0,0,0,0,0,0,0,0,0,0,0,0,0,0,0,0,0,0,0,0,0,0,0,24.3,0,3.38,5.35,5.05,8.03,
Norway,0,0,0,0,0,0,0,0,0,0,0,0,0,0,0,0,0,0,0,0,0,1,0.8,0.8,2.12,2.42,2.27,2.88,2.24,2.19,2.37,1.4,1.3,1.7,1.93,2.35,3.11,3.02,2.45,2.59,3.29,4.59,4.79,4.98,5.08,5.17,4.7,6.33,5.34,5.02,4.02,3.23,3.28,3.61,4.09,3.96,3.92,4.19,3.34,2.42,2.36,2.6,2.94,2.99,2.63,3.23,3.23,4,3.91,3.69
Oman,0,0,0,0,0,0,0,0,0,0,0,0,0,0,0,0,0,0,0,0,0,0,0,0,0,0,0,0,0,0,0,0,0,0,0,0,0,0,0,0,0,0,0,0,0,0,0,0,37,0,0,0,0,0,0,0,0,0,0,0,8.09,0,0,0,0,0,0,0,13.7,
Pakistan,0,0,0,0,0,0,0,0,0,0,0,0,0,0,0,0,0,0,0,0,0,0,0,0,0,0,0,0,0,0,0,15.8,15.4,8.41,8.45,2.32,2.15,1.58,1.98,1.07,0.68,0.62,0.73,16.3,14,9.85,9.11,14,12.5,17.1,15,13.7,15.8,15.5,16.4,15.3,12.9,12.1,0.324,0.245,0.533,0.359,0.639,0.67,0,3.42,2.01,6.11,0,
Palau,0,0,0,0,0,0,0,0,0,0,0,0,0,0,0,0,0,0,0,0,0,0,0,0,0,0,0,0,0,0,0,0,0,0,0,0,0,0,0,0,0,0,8.13,0,0,0,0,8.06,0,0,0,0,3.53,0,0,0,0,4.86,0,0,0,0,0,0,0,0,0,0,0,
Palestine,0,0,0,0,0,0,0,0,0,0,0,0,0,0,0,0,0,0,0,0,0,0,0,0,0,0,0,0,0,0,0,0,0,0,0,0,0,0,0,0,0,0,0,0,0,0,0,16,19.3,20,15,13,12.4,13.8,17,18.2,20,22.2,20.5,19.1,24.2,26.4,26.8,28.4,32.9,35,38.4,39.1,44.8,47.4
Panama,0,0,0,0,0,0,0,0,0,0,0,0,0,0,0,0,0,0,0,0,0,0,0,0,0,0,7.4,10.3,10.4,12.8,12.4,13.5,0,0,13.3,14.5,14.2,18.5,14.5,16.8,21.4,21.6,14.5,22.6,22.3,20.2,20.4,20.1,20,18.1,20.8,16.9,18,19.3,19.2,18.8,17.4,13.9,12.4,9.27,0,8.85,5.07,2.68,3.03,3.06,3.49,3.9,3.92,
Papua New Guinea,0,0,0,0,0,0,0,0,0,0,0,0,0,0,0,0,0,0,0,0,0,0,0,0,0,0,0,0,0,0,0,0,0,0,0,0,0,0,0,0,0,0,5.9,0,0,0,0,0,0,0,0,0,0,0,0,0,0,0,0,0,0,0,1.28,1.44,0,0,0,0,0,
Paraguay,0,0,0,0,0,0,0,0,0,0,0,0,0,0,0,0,0,0,0,0,0,0,0,0,0,0,0,0,0,0,0,7.43,4.82,0,5.91,5.89,4.81,5.16,5.85,4.34,4.56,5.46,6.36,4.72,3.67,4.38,3.72,3.7,8.6,6.83,0,0,8.88,0,11.8,8.32,8.36,6.25,6.65,6.61,5.96,6.65,6.05,6.36,5.43,4.95,6.76,4.93,6.71,5.42
Peru,0,0,0,0,0,0,0,0,0,0,0,0,0,0,0,0,0,0,0,0,0,0,0,0,0,0,0,0,0,0,0,0,0,0,0,0,0,0,0,4.89,0,0,11.5,7.33,12.5,12.4,0,0,8.07,8.84,9.28,8.6,7.48,8.77,5.92,4.65,5.37,4.87,4.75,4.55,4.53,3.95,3.8,3.62,3.49,3.54,3.07,2.96,3.57,3.5
Philippines,0,0,0,0,0,0,0,0,0,0,0,0,0,0,0,0,0,0,0,0,0,0,0,6.61,6.35,5.11,3.35,4.3,7.78,8.57,6.73,0,7.48,8.56,8.59,6.73,10,8.14,8.86,10.9,9.52,10.3,12.7,12.8,11.5,10.7,10.6,10.7,9.75,9.82,11,10,11.6,4.02,12,3.84,3.89,4.2,4.33,3.72,4.01,4.13,3.79,3.83,3.73,3.82,3.72,0,2.87,2.7
Poland,0,0,0,0,0,0,0,0,0,0,0,0,0,0,0,0,0,0,0,0,0,0,0,0,0,0,0,0,0,0,0,0,0,0,0,0,0,0,0,0,0,0,7.1,13.5,14.7,15.6,16,14.7,13.9,13,11.8,13.2,18.3,20,20.7,19.9,19.8,19.1,14.9,10.3,7.95,8.66,10,10.4,10.9,11.1,9.59,7.71,6.23,4.91
Portugal,0,0,0,0,0,0,0,0,0,0,0,0,0,0,0,0,0,0,0,0,0,0,0,0,0,0,2.4,5.2,7.1,0,11.8,12.6,0,0,0,12.2,0,11.2,11.5,9.6,8.34,7.35,6.48,5.62,4.76,6.27,7.77,7.78,8.44,7.49,5.69,5.06,4.73,4.95,5.31,7.25,7.18,8.63,8.9,9.49,8.75,10.1,11.9,13,15.5,16.4,14.3,12.7,11.2,9.35
Qatar,0,0,0,0,0,0,0,0,0,0,0,0,0,0,0,0,0,0,0,0,0,0,0,0,0,0,0,0,0,0,0,0,0,0,0,0,0,0,0,0,0,0,0,0,0,0,0,0,0,5.53,0,0,0,12.9,0,0,3.89,0,0,2.64,1.69,1.92,2.7,3.32,2.82,1.58,1.2,0.82,0.7,0.616
Romania,0,0,0,0,0,0,0,0,0,0,0,0,0,0,0,0,0,0,0,0,0,0,0,0,0,0,0,0,0,0,0,0,0,0,0,0,0,0,0,0,0,0,0,4,7.84,12.9,8.74,8.59,7.5,5.89,5.47,5.53,6.38,6.01,7.59,6.38,6.15,6.43,6.11,5.41,4.67,5.84,6.17,6.46,6.08,6.31,6.09,5.85,4.98,4.04
Russia,0,0,0,0,0,0,0,0,0,0,0,0,0,0,0,0,0,0,0,0,0,0,0,0,0,0,0,0,0,0,0,0,0,0,0,0,0,0,0,0,0,0,0,0.1,1.1,5.82,7.95,9.2,9.3,11.5,13,12.9,10.4,8.6,7.6,7.95,7.52,6.93,6.69,5.64,5.94,7.67,6.84,6.09,5.07,5.14,4.82,5.31,5.35,5.05
Rwanda,0,0,0,0,0,0,0,0,0,0,0,0,0,0,0,0,0,0,0,0,0,0,0,0,0,0,0,0,0,0,0,0,0,0,0,0,0,0,0,0,0,0.6,0,0.2,0,0,0,0,0.35,0,0,0,0,0,0.68,0,0,0,0,0,0,0,0,0,4.04,0,1.24,0,0,19.4
Samoa,0,0,0,0,0,0,0,0,0,0,0,0,0,0,0,0,0,0,0,0,0,0,0,0,0,0,0,0,0,0,0,0,0,0,0,0,0,0,0,0,0,0,0,0,0,0,0,0,0,0,0,0,0,6.18,0,0,0,0,1.63,0,0,0,0,6.82,10.3,0,10.3,0,0,
San Marino,0,0,0,0,0,0,0,0,0,0,0,0,0,0,0,0,0,0,0,0,0,0,0,0,0,0,0,0,0,0,0,9.9,10.9,0,0,0,12,12.5,12,10.9,10.5,9.5,9.7,6.9,7.1,8.1,7.4,7,8.8,7.3,6.9,4.6,4.1,0,4.81,5.36,0,2.55,2.03,0,0,6.26,7.29,0,7.47,8.7,9.47,10.9,10,
Sao Tome and Principe,0,0,0,0,0,0,0,0,0,0,0,0,0,0,0,0,0,0,0,0,0,0,0,0,0,0,0,0,0,0,0,0.71,0.69,0.8,0.65,0.57,0.49,0,0,0,0,0,0,4.9,0,0,0,0,0,0,0,0,17.8,24.9,25,24.8,23.6,24.6,24.5,0,0,0,0,0,0,0,0,0,0,
Saudi Arabia,0,0,0,0,0,0,0,0,0,0,0,0,0,0,0,0,0,0,0,0,0,0,0,0,0,0,0,0,0,0,0,0,0,0,0,0,0,0,0,0,0,0,0,0,4.9,0,0,0,0,0,0,8.15,9.34,9.14,11.5,12.5,13.4,14.1,14.7,14.2,13.8,15.9,0,19.2,20.5,20.7,22,21.4,21.1,21.3
Senegal,0,0,0,0,0,0,0,0,0,0,0,0,0,0,0,0,0,0,0,0,0,0,0,0,0,0,0,0,0,0,0,0,0,0,0,0,0,0,0,0,0,0,0,0,0,0,0,0,0,0,0,0,0,0,0,0,0,0,13.6,0,0,0,0,13.4,0,0,0,7.49,0,
Serbia,0,0,0,0,0,0,0,0,0,0,0,0,0,0,0,0,0,0,0,0,0,0,0,0,0,0,0,0,0,0,0,0,0,0,0,0,0,0,0,0,0,0,0,0,0,0,0,0,0,0,0,0,0,0,0,0,22.9,26.2,24.7,21,16,17.9,20.2,23.7,25,23.8,20.4,19,16.1,14.3
Seychelles,0,0,0,0,0,0,0,0,0,0,0,0,0,0,0,0,0,0,0,0,0,0,0,0,0,0,0,0,0,0,0,1.8,2.7,20.5,16.2,16.6,21,28,0,0,0,0,0,0,0,0,12.5,0,0,0,0,0,0,0,0,0,0,4.9,0,0,0,0,0,4.48,0,0,3.9,4.79,4.23,3.73
Sierra Leone,0,0,0,0,0,0,0,0,0,0,0,0,0,0,0,0,0,0,0,0,0,0,0,0,0,0,0,0,0,0,0,0,0,0,0,0,0,0,0,0,0,0,0,0,0,0,0,0,0,0,0,0,0,0,0,0,2.26,0,0,0,0,0,0,0,0,0,3.88,0,0,
Singapore,0,0,0,0,0,0,0,0,0,0,0,0,0,0,0,0,0,0,0,0,0,0,0,0,0,0,0,0,5.76,5.07,3.13,3.13,2.21,2.14,1.99,2.06,2.8,4.32,5.83,4.32,2.77,2.05,0,2.21,3.18,3.41,3.45,3.45,3.87,2.6,3.68,5.21,6.57,0,0,0,0,0,0,0,0,0,0,0,0,0,0,0,0,
Slovak Republic,0,0,0,0,0,0,0,0,0,0,0,0,0,0,0,0,0,0,0,0,0,0,0,0,0,0,0,0,0,0,0,0,0,0,0,0,0,0,0,0,0,0,0,6.9,11.7,11.8,14.1,13.8,12.7,12.8,12.5,15.9,18.6,18.6,18.8,17.3,19.6,17.2,14.7,12.7,10.9,12.8,14.6,13.6,14.5,14.5,13.6,12.9,10.8,8.41
Slovenia,0,0,0,0,0,0,0,0,0,0,0,0,0,0,0,0,0,0,0,0,0,0,0,0,0,0,0,0,0,0,0,0,0,0,0,0,0,0,1.7,1.7,2.3,3.1,4.8,5.95,10.8,13.5,6.93,6.82,6.65,6.95,7.47,7.47,7.06,6.01,6.27,7.02,6.4,7.03,7.19,5.83,4.82,5.8,7.02,8.17,9.37,10.9,10.5,10,8.59,7.47
Solomon Islands,0,0,0,0,0,0,0,0,0,0,0,0,0,0,0,0,0,0,0,0,0,0,0,0,0,0,0,0,0,0,0,0,0,0,0,0,0,0,0,0,0,0,0,0,0,0,0,0,0,0,0,0,0,0,0,0,0,0,0,0,0,1.76,0,0,0,0,0,0,0,
South Africa,0,0,0,0,0,0,0,0,0,0,0,0,0,0,0,0,0,0,0,0,0,0,0,0,0,0,0,0,0,0,0,0,0,0,0,0,0,0,0,0,0,0,0,0,0,0,0,0,0,0,30,30.3,27.6,27.9,31.3,31.1,28.7,28.2,27.1,26.4,25.8,25.6,27,27.2,27.1,26.5,27,27.5,29,29.5
South Korea,0,0,0,0,0,0,0,0,0,0,0,0,0,0,0,0,0,0,0,0,0,0,2.9,3.29,2.56,2.33,2.7,2.63,1.98,2.43,2.24,2.43,3.53,2.44,2.55,2.24,2.21,2.36,2.08,1.84,1.76,1.84,1.78,1.99,2.14,2.26,1.93,1.69,1.59,2.31,5.67,5.1,3.6,3.3,2.8,3.3,3.4,3.4,2.9,2.6,2.6,3,3.3,3.1,3,2.9,3.5,3.6,3.6,3.6
South Sudan,0,0,0,0,0,0,0,0,0,0,0,0,0,0,0,0,0,0,0,0,0,0,0,0,0,0,0,0,0,0,0,0,0,0,0,0,0,0,0,0,0,0,0,0,0,0,0,0,0,0,0,0,0,0,0,0,0,0,0,0,13.2,0,0,0,0,0,0,0,0,
Spain,0,0,0,0,0,0,0,0,0,0,0,0,0,0,0,0,0,0,0,0,0,0,0,0,0,2.6,3.38,4.24,2,5.54,7.97,9.7,12.8,16,18.7,20.5,23,25,25,27.9,28,25.3,24.2,23.2,25.2,28.7,31.6,30.5,29.5,28,26.6,22.8,20.3,15,16,15.7,15,12,11.3,10.7,12.8,18.1,20.2,21.8,25,26.7,25.4,23.5,21.4,19
Sri Lanka,0,0,0,0,0,0,0,0,0,0,0,0,0,0,0,0,0,0,0,0,0,0,0,0,0,0,0,0,0,0,0,0,0,0,0,0,0,0,0,0,0,0,0,0,0,21.7,0,0,0,0,0,13.3,11.1,11.5,12.9,12.9,13,11.9,9.6,9.04,8.01,8.21,7.55,6.85,6.1,6.82,7.25,7.62,6.96,
St. Kitts and Nevis,0,0,0,0,0,0,0,0,0,0,0,0,0,0,0,0,0,0,0,0,0,0,0,0,0,0,0,0,0,0,0,0,12.1,0,0,0,0,0,0,0,0,0,0,4.87,0,0,0,0,0,0,0,0,0,4.27,0,0,0,0,0,0,0,0,0,0,0,0,0,0,0,
St. Lucia,0,0,0,0,0,0,0,0,0,0,0,0,0,0,0,0,0,0,0,0,0,0,0,0,0,0,0,0,0,0,0,0,0,0,0,0,0,0,0,0,0,0,0,0,0,22,22.1,20.4,19.3,23.8,26,20.3,20.8,0,23.9,28.1,25,22.9,20.3,18.5,14.8,16.5,0,20.2,21.2,23.9,0,27.4,23.5,
St. Vincent and the Grenadines,0,0,0,0,0,0,0,0,0,0,0,0,0,0,0,0,0,0,0,0,0,0,0,0,0,0,0,0,0,0,0,0,24.5,0,0,0,0,0,0,0,0,0,0,22.1,0,0,0,0,0,0,0,0,0,18.6,0,0,0,0,0,0,0,0,0,0,0,0,0,0,0,
Sudan,0,0,0,0,0,0,0,0,0,0,0,0,0,0,0,0,0,0,0,0,0,0,0,0,0,0,0,0,0,0,10,0,0,0,0,11.5,0,8.8,8.02,0,0,0,0,0,0,0,0,0,0,0,0,0,0,0,0,0,0,0,0,0,19.3,23,0,0,0,0,0,0,0,
Suriname,0,0,0,0,0,0,0,0,0,0,0,0,0,0,0,0,0,0,0,0,0,0,0,0,0,0,0,0,0,0,0,0,0,0,0,0,0,0,0,26.2,0,19.7,20.1,0,23.1,23.2,15,10.9,16.8,16,17.1,20.4,0,0,0,0,0,0,0,0,0,14.3,12.6,12.4,12.4,11,11.8,11.4,0,
Swaziland,0,0,0,0,0,0,0,0,0,0,0,0,0,0,0,0,0,0,0,0,0,0,0,0,0,0,0,0,0,0,0,0,0,0,0,0,0,0,0,0,0,0,0,0,0,0,0,23.2,0,26,0,0,0,0,0,0,0,0,0,0,0,0,0,0,0,0,0,0,24.4,
Sweden,0,0,0,0,0,0,0,0,0,0,0,0,0,0,0,0,0,0,0,0,0,2.01,1.75,2.77,2.97,2.82,2.43,2.03,2.06,1.4,1.6,1.6,1.6,1.6,3.33,3.53,3.16,2.88,2.19,2.17,1.7,1.52,1.81,2.95,4.62,7.64,8.14,7.87,8.58,9.68,8.03,6.85,5,4.4,4.62,5.01,6.18,7.37,7.25,6.47,6.57,8.01,8.52,7.76,7.71,7.89,7.69,7.29,6.59,6.44
Switzerland,0,0,0,0,0,0,0,0,0,0,0,0,0,0,0,0,0,0,0,0,0,0,0,0,0,0,0,0.2,0.6,0.4,0.4,0.4,0.3,0.2,0.6,0.9,1.4,1.2,1.1,1.1,1,0.8,2.62,2.52,3.53,4.57,4.42,3.92,4.08,3.99,4.14,3.57,3.13,3.46,3.1,4.49,4.76,5.09,4.71,4.51,3.97,4.52,5.19,4.8,4.73,4.92,4.99,4.91,5.01,5.06
Syria,0,0,0,0,0,0,0,0,0,0,0,0,0,0,0,0,0,0,0,0,0,0,5.8,5.1,5.4,2.1,3.9,0,6.9,7.1,4.1,3.8,0,0,0,6.73,8.2,0,0,0,0,9.83,0,14,0,6.4,12.5,14.2,0,29.3,0,15.2,5,25.5,24.1,20.9,0,0,23.8,25.7,24.2,22.3,22,37.1,0,0,0,0,0,
Tajikistan,0,0,0,0,0,0,0,0,0,0,0,0,0,0,0,0,0,0,0,0,0,0,0,0,0,0,0,0,0,0,0,0,0,0,0,0,0,0,0,0,0,0,0,0,0.4,1.1,1.8,2.1,2.8,2.9,0,0,0,0,0,0,0,0,0,0,0,3.9,0,0,0,0,0,0,0,
Tanzania,0,0,0,0,0,0,0,0,0,0,0,0,0,0,0,0,0,0,0,0,0,0,0,0,0,0,0,0,0,0,0,0,0,0,0,0,0,0,0,0,0,0,0,4.3,0,0,0,0,0,0,0,0,0,2.96,2.4,0,0,0,4.42,0,0,2.7,0,4.29,0,3.79,2.69,0,0,
Thailand,0,0,0,0,0,0,0,0,0,0,0,0,0,0,0,0,0,0,0,0,0,0,0,0,0,0,0.26,0.32,1.33,0.71,0.54,0.72,0.8,1.02,3.03,5.83,6.15,5.87,3.94,7.53,3.52,1.55,2.41,3.4,1.49,1.82,1.62,1.34,1.12,0.9,4.66,4.63,3.89,3.43,2.34,2.11,2.11,1.72,1.45,1.21,1.28,1.45,0.622,0.68,0.53,0.476,0.564,0.606,0.714,
Timor-Leste,0,0,0,0,0,0,0,0,0,0,0,0,0,0,0,0,0,0,0,0,0,0,0,0,0,0,0,0,0,0,0,0,0,0,0,0,0,0,0,0,0,0,0,0,0,0,0,0,0,0,0,0,0,0,0,0,0,0,0,0,0,0,4.26,0,0,10.6,0,0,0,
Togo,0,0,0,0,0,0,0,0,0,0,0,0,0,0,0,0,0,0,0,0,0,0,0,0,0,0,0,0,0,0,0,0,0,0,0,0,0,0,0,0,0,0,0,0,0,0,0,0,0,0,0,0,0,0,0,0,0,0,0,0,0,0,0,1.57,0,0,0,0,0,
Tonga,0,0,0,0,0,0,0,0,0,0,0,0,0,0,0,0,0,0,0,0,0,0,0,0,0,0,0,0,0,0,0,0,0,0,0,0,0,0,0,0,0,0,0,0,0,0,0,0,0,0,0,0,0,0,0,7.41,0,0,0,0,0,0,0,0,0,0,0,0,0,
Trinidad and Tobago,0,0,0,0,0,0,0,0,0,0,0,0,0,0,0,0,0,0,0,0,0,0,0,0,0,21.4,21,19.5,0,11.6,10.3,8.91,7.76,7.78,7.68,8.03,9.51,9.81,10.4,25.3,23.8,24.5,21.6,23.4,24,23.4,22.3,20.6,21,19.5,18.9,16.8,15.1,14.4,14.5,13.8,11.2,11,8.69,0,0,0,4.3,4.01,4.28,2.95,2.57,2.61,2.95,
Tunisia,0,0,0,0,0,0,0,0,0,0,0,0,0,0,0,0,0,0,0,0,0,0,0,0,0,0,0,0,0,0,0,0,0,0,0,0,0,0,0,0,0,21.7,0,0,0,0,0,0,0,17.3,0,16.6,16.1,15.6,15.7,16.2,0,15.2,15.1,15.2,15.9,18.8,18.9,27.4,25.6,23,0,22.2,23.1,22.8
Turkey,0,0,0,0,0,0,0,0,0,0,0,0,0,0,0,0,0,0,0,0,0,0,0,0,0,0,0,0,0,0,0,0,0,0,23.1,24.8,29.1,11.1,0,0,9.67,8.84,8.5,7.13,7.77,9.35,8.09,7.33,5.97,7.8,6.81,7.59,6.27,7.47,9.46,10.1,11,11.2,9.1,9.15,9.98,12.6,11.4,10.1,9.38,10.6,11.8,12.6,13.6,13.9
Turkmenistan,0,0,0,0,0,0,0,0,0,0,0,0,0,0,0,0,0,0,0,0,0,0,0,0,0,0,0,0,0,0,0,0,0,0,0,0,0,0,0,0,0,0,0,0,0,0,0,0,0,0,0,0,0,0,0,0,0,0,0,0,0,1.8,2.3,0,0,0,0,0,0,
Tuvalu,0,0,0,0,0,0,0,0,0,0,0,0,0,0,0,0,0,0,0,0,0,0,0,0,0,0,0,0,0,0,0,0,0,0,0,0,0,0,0,0,0,0,0,0,0,0,0,0,0,0,0,0,0,0,8.58,0,0,8.6,0,0,0,0,0,0,0,0,0,0,0,
Uganda,0,0,0,0,0,0,0,0,0,0,0,0,0,0,0,0,0,0,0,0,0,0,0,0,0,0,0,0,0,0,0,0,0,0,0,0,0,0,0,0,0,0,0,0.58,0.67,0,0,0,0,0,0,0,0,0,4.2,4.49,0,2.1,0,0,0,0,0,0,4.29,2.44,0,0,0,
Ukraine,0,0,0,0,0,0,0,0,0,0,0,0,0,0,0,0,0,0,0,0,0,0,0,0,0,0,0,0,0,0,0,0,0,0,0,0,0,0,0,0,0,0,0,0,0,0.6,0.6,4.95,7.28,8.41,10.8,7.3,7.2,6.4,6.7,6.3,6.3,5.6,4.8,4,4.9,7.31,0,0,0,0,0,8.08,7.69,
United Arab Emirates,0,0,0,0,0,0,0,0,0,0,0,0,0,0,0,0,0,0,0,0,0,0,0,0,0,0,0,4.51,0,0,0,0,0,0,0,0,0,2.05,0,0,0,0,0,0,0,0,0,2.35,0,0,0,0,2.71,0,0,0,0,7.06,0,0,12,10.8,0,0,0,0,0,0,4.02,6.81
United Kingdom,0,0,0,0,0,0,0,0,0,0,0,0,0,0,0,0,0,0,0,0,0,0,0,1.2,1.5,1,1,1.9,3.1,3.7,3.8,3.7,4.8,6.8,7.5,9.75,10,11,10.9,10.4,8.63,7.14,6.62,7.4,7.42,7.74,7.39,6.91,6.32,5.8,5.35,5.15,4.86,4.11,4.36,4.06,4.19,4.29,4.95,4.96,5.09,6.42,6.88,7.34,7.39,7.04,5.82,5.13,4.68,4.22
United States,4.1,6,5.7,4.4,3.6,3.3,6,4.9,4.8,4.7,6.8,5.9,5.9,7.2,6.2,6.5,6.2,5.5,4.8,5.2,4.8,4.7,5.9,6.9,6.6,6,6.7,9.3,8.6,8.2,7.2,6.8,7.4,7.9,9.4,9.2,7.6,7.4,7.1,6.2,5.6,5.4,5.5,6.4,7,6.6,6.05,5.67,5.47,5.07,4.62,4.34,4.1,4.65,5.61,5.67,5.4,5.1,4.63,4.5,5.42,8.07,8.62,8.46,7.89,7.08,6.06,5.18,4.79,4.31
Uruguay,0,0,0,0,0,0,0,0,0,0,0,0,0,0,0,0,0,0,0,0,0,0,9.6,8.6,7.6,11.4,10.2,0,0,0,0,0,0,9,15.5,0,17.6,0,13.9,12.6,0,0,10.9,11.6,11.8,10.9,11.9,12.9,13.3,0,12.7,14.6,16.8,19.4,21.1,20.4,16.5,15.1,14.1,12.6,10.8,10.4,9.4,8.07,8.26,8.2,8.34,8.85,9.44,9.47
Uzbekistan,0,0,0,0,0,0,0,0,0,0,0,0,0,0,0,0,0,0,0,0,0,0,0,0,0,0,0,0,0,0,0,0,0,0,0,0,0,0,0,0,0,0,0,0,0.3,0.5,0.5,0.5,0,0,0,0,0,0,0,0,0,0,0,0,0,0,0,0,0,0,0,0,0,
Vanuatu,0,0,0,0,0,0,0,0,0,0,0,0,0,0,0,0,0,0,0,0,0,0,0,0,0,0,0,0,0,0,0,0,0,0,0,0,0,0,0,0,0,0,0,0,0,0,0,0,0,0,0,0,0,0,0,0,0,0,0,0,0,6.24,0,0,0,0,0,0,0,
Venezuela,0,0,0,0,0,0,0,0,0,0,0,0,0,0,0,0,0,0,0,0,0,0,0,0,0,0,0,0,0,4.23,0,4.13,0,5.66,5.87,8.79,10.2,11.9,9.91,7.11,6.01,9.01,9.35,9.44,6.85,5.59,0,12.8,14.6,14.2,13.4,16.5,14.6,6.39,18.8,20.3,17.9,13.8,11.3,9.28,7.77,9,9.45,9.84,8.68,8.6,7.77,7.69,0,
Vietnam,0,0,0,0,0,0,0,0,0,0,0,0,0,0,0,0,0,0,0,0,0,0,0,0,0,0,0,0,0,0,0,0,0,0,0,0,0,0,0,0,0,0,0,0,0,0,0,0,1.7,2.55,2.16,2.4,2.14,3.26,2.33,2.63,2.44,0,0,1.93,0,1.58,1.08,0.904,0.933,1.09,1.11,1.71,1.7,1.71
Yemen,0,0,0,0,0,0,0,0,0,0,0,0,0,0,0,0,0,0,0,0,0,0,0,0,0,0,0,0,0,0,0,0,0,0,0,0,0,0,0,0,0,0,0,0,0,0,3.86,0,0,0,0,8.17,0,0,0,0,39.6,46.3,42.2,41.5,40.9,40.2,54.7,0,0,0,26.1,0,0,
Zambia,0,0,0,0,0,0,0,0,0,0,0,0,0,0,0,0,0,0,0,0,0,0,0,0,0,0,0,0,0,0,0,0,0,0,0,0,0,0,17.8,0,0,0,16.7,22.4,0,20.6,0,0,15.9,0,12,0,11.3,0,0,0,0,0,0,0,7.71,0,0,0,0,0,0,0,0,
Zimbabwe,0,0,0,0,0,0,0,0,0,0,0,0,0,0,0,0,0,0,0,0,0,0,0,0,0,0,0,0,0,0,0,0,0,0,11.1,0,0,0,0,7.92,0,0,0,0,0,0,2.99,0,0,5.06,0,4.63,0,0,0,0,4.53,0,0,0,0,0,0,5.99,9.89,0,14.9,0,0,
